Madame,Gueguen,Ilyana,Livreur,-62.77867,158.415777
Monsieur,Trudel,Tiago,Preparateur de Commande,-32.368406,31.519544
Madame,Anderson,Leontyne,Preparateur de Commande,-79.253349,-77.609359
Monsieur,Boutet,César,Preparateur de Commande,-50.79642,-154.091907
Madame,Rémillard,Marvelle,Preparateur de Commande,70.23685,88.040807
Monsieur,Guerin,Calvin,Preparateur de Commande,14.390501,176.570285
Madame,Morais,Clarisse,Preparateur de Commande,83.323813,-151.914228
Monsieur,Boissonneault,Byron,Livreur,-50.623355,126.141284
Madame,Brisset,Sonia,Preparateur de Commande,48.48967,131.514116
Monsieur,Belleau,Gaspard,Livreur,-88.273045,0.469671
