Monsieur,Barbeau,Dabney,Livreur,-85.227966,116.35322
Madame,Dumortier,Lisette,Preparateur de Commande,1.7423,46.814228
Monsieur,St-Hilaire,Mahdi,Preparateur de Commande,82.262944,-38.267455
Madame,Lecuyer,Noémie,Preparateur de Commande,-42.032593,152.888256
Madame,Flamand,Kahina,Livreur,-29.29683,-58.973215
Madame,Savage,Raphaëlle,Preparateur de Commande,-28.591823,37.543815
Madame,Piché,Amélie,Preparateur de Commande,-47.256811,-34.896925
Madame,Pinard,Lyla,Preparateur de Commande,-68.763602,110.112746
Madame,Bossé,Lilly,Livreur,56.019487,-123.692939
Madame,Bayle,Léa,Preparateur de Commande,-41.238712,57.801349
